,Dataset,F1,ZeroOne
0,Vote,0.9068623355378034,90.57610993657505
1,Iris,0.925037629037629,92.66666666666666
2,Glass,0.6238930198059304,61.25541125541126
3,Cancer,0.9785252530055647,97.84615384615384
4,Soybean,0.7353333333333334,79.5
5,Vote_Noise,0.9089884449690973,90.83509513742072
6,Iris_Noise,0.9189894549894551,91.99999999999999
7,Glass_Noise,0.6090417835157693,59.02597402597403
8,Cancer_Noise,0.978898191893159,97.84615384615384
9,Soybean_Noise,0.24119047619047618,36.5
