,Dataset,F1,ZeroOne
0,Vote,0.9062640845274975,90.56553911205074
1,Iris,0.9231709586709588,92.00000000000003
2,Glass,0.6531563953405053,62.83549783549783
3,Cancer,0.9800788627810911,97.99999999999999
4,Soybean,0.7447619047619047,79.0
5,Vote_Noise,0.9137534353449454,91.28435517970402
6,Iris_Noise,0.35744540644540646,36.66666666666667
7,Glass_Noise,0.6266435968326725,60.32467532467533
8,Cancer_Noise,0.9770715102073646,97.6923076923077
9,Soybean_Noise,0.7511666666666666,80.5
